title,src
View Of City In Timelapse Mode,https://static-videos.pexels.com/videos/1654216/pictures/preview-0.jpg
Multicolored Basketball Court,https://images.pexels.com/photos/1897359/pexels-photo-1897359.jpeg?auto=compress&cs=tinysrgb&dpr=1&w=500
Grayscale Photo of Levitating Person,https://images.pexels.com/photos/1707821/pexels-photo-1707821.jpeg?auto=compress&cs=tinysrgb&dpr=1&w=500
Woman Holding Red Flowers,https://images.pexels.com/photos/1903107/pexels-photo-1903107.jpeg?auto=compress&cs=tinysrgb&dpr=1&w=500
Photo of Man Sitting on a Cave ,https://images.pexels.com/photos/1659437/pexels-photo-1659437.jpeg?auto=compress&cs=tinysrgb&dpr=1&w=500
Three Edison Light Bulbs Beside the Sofa,https://images.pexels.com/photos/945688/pexels-photo-945688.jpeg?auto=compress&cs=tinysrgb&dpr=1&w=500
Orange Painted Building Through Window,https://images.pexels.com/photos/1904832/pexels-photo-1904832.jpeg?auto=compress&cs=tinysrgb&dpr=1&w=500
Man Wearing Black Bads Crew-neck Shirt Under Blue Denim Jacket,https://images.pexels.com/photos/1105058/pexels-photo-1105058.jpeg?auto=compress&cs=tinysrgb&dpr=1&w=500
Woman Singing,https://images.pexels.com/photos/1886640/pexels-photo-1886640.jpeg?auto=compress&cs=tinysrgb&dpr=1&w=500
Woman Wearing Black Lace Top,https://images.pexels.com/photos/1904821/pexels-photo-1904821.jpeg?auto=compress&cs=tinysrgb&dpr=1&w=500
Woman Holding Cup Of Coffee,https://images.pexels.com/photos/1886550/pexels-photo-1886550.jpeg?auto=compress&cs=tinysrgb&dpr=1&w=500
Person Standing On Lighthouse,https://images.pexels.com/photos/1890709/pexels-photo-1890709.jpeg?auto=compress&cs=tinysrgb&dpr=1&w=500
Mountain Under Starry Sky,https://images.pexels.com/photos/1624504/pexels-photo-1624504.jpeg?auto=compress&cs=tinysrgb&dpr=1&w=500
Top View Photo of Curved Road Surrounded by Trees,https://images.pexels.com/photos/1834403/pexels-photo-1834403.jpeg?auto=compress&cs=tinysrgb&dpr=1&w=500
Brown and Gray Concrete Building,https://images.pexels.com/photos/1885066/pexels-photo-1885066.jpeg?auto=compress&cs=tinysrgb&dpr=1&w=500
Woman Wearing Black Tank Top Near Brown Surface,https://images.pexels.com/photos/1902350/pexels-photo-1902350.jpeg?auto=compress&cs=tinysrgb&dpr=1&w=500
Grayscale Photograph of Concrete Structures,https://images.pexels.com/photos/1886714/pexels-photo-1886714.jpeg?auto=compress&cs=tinysrgb&dpr=1&w=500
Jellyfish,https://images.pexels.com/photos/1894350/pexels-photo-1894350.jpeg?auto=compress&cs=tinysrgb&dpr=1&w=500
Boy Wearing Blue Jacket,https://images.pexels.com/photos/1902983/pexels-photo-1902983.jpeg?auto=compress&cs=tinysrgb&dpr=1&w=500
Photo Of Waterfall,https://images.pexels.com/photos/1875480/pexels-photo-1875480.jpeg?auto=compress&cs=tinysrgb&dpr=1&w=500
Gray and Black Concrete Building,https://images.pexels.com/photos/1896058/pexels-photo-1896058.jpeg?auto=compress&cs=tinysrgb&dpr=1&w=500
Red and Black Flowers,https://images.pexels.com/photos/1803911/pexels-photo-1803911.jpeg?auto=compress&cs=tinysrgb&dpr=1&w=500
Woman Carrying White Cat,https://images.pexels.com/photos/1889731/pexels-photo-1889731.jpeg?auto=compress&cs=tinysrgb&dpr=1&w=500
Two Person Standing Under Lot of Bullet Cctv Camera,https://images.pexels.com/photos/374103/pexels-photo-374103.jpeg?auto=compress&cs=tinysrgb&dpr=1&w=500
Closed Soda Bottles,https://images.pexels.com/photos/1904262/pexels-photo-1904262.jpeg?auto=compress&cs=tinysrgb&dpr=1&w=500
Time Lapse Photo of Cityscape during Nighttime,https://images.pexels.com/photos/1899197/pexels-photo-1899197.jpeg?auto=compress&cs=tinysrgb&dpr=1&w=500
Person Standing Using Red Umbrella,https://images.pexels.com/photos/1887792/pexels-photo-1887792.jpeg?auto=compress&cs=tinysrgb&dpr=1&w=500
Woman Holding Cheek With Light Effect Photo,https://images.pexels.com/photos/1895146/pexels-photo-1895146.jpeg?auto=compress&cs=tinysrgb&dpr=1&w=500
Woman Sitting While Reading A Book ,https://images.pexels.com/photos/1616779/pexels-photo-1616779.jpeg?auto=compress&cs=tinysrgb&dpr=1&w=500
Water Reflection of High-rise Building,https://images.pexels.com/photos/1886513/pexels-photo-1886513.jpeg?auto=compress&cs=tinysrgb&dpr=1&w=500
Woman Standing and Looking Side View,https://images.pexels.com/photos/1886732/pexels-photo-1886732.jpeg?auto=compress&cs=tinysrgb&dpr=1&w=500
Waves Rushing To The Shore,https://static-videos.pexels.com/videos/1757800/pictures/preview-0.jpg
title,src
People Walking by on a Sidewalk,https://static-videos.pexels.com/videos/854100/pictures/preview-0.jpg
Brown and White House Near Body of Water and Mountain,https://images.pexels.com/photos/1940041/pexels-photo-1940041.jpeg?auto=compress&cs=tinysrgb&dpr=1&w=500
Grayscale Photo of Levitating Person,https://images.pexels.com/photos/1707821/pexels-photo-1707821.jpeg?auto=compress&cs=tinysrgb&dpr=1&w=500
Photo of Forest Covered by Fog,https://images.pexels.com/photos/1366921/pexels-photo-1366921.jpeg?auto=compress&cs=tinysrgb&dpr=1&w=500
Woman Standing While Wearing Blue Chambray Jacket,https://images.pexels.com/photos/1963076/pexels-photo-1963076.jpeg?auto=compress&cs=tinysrgb&dpr=1&w=500
Man And Woman Next To Each Other,https://images.pexels.com/photos/1977706/pexels-photo-1977706.jpeg?auto=compress&cs=tinysrgb&dpr=1&w=500
Grayscale Photo of Person Wearing Black Pants Walking Across Posts,https://images.pexels.com/photos/1979837/pexels-photo-1979837.jpeg?auto=compress&cs=tinysrgb&dpr=1&w=500
Woman Sitting Down on Table,https://images.pexels.com/photos/1974889/pexels-photo-1974889.jpeg?auto=compress&cs=tinysrgb&dpr=1&w=500
Person Walking on Street,https://images.pexels.com/photos/1981945/pexels-photo-1981945.jpeg?auto=compress&cs=tinysrgb&dpr=1&w=500
Body of Water and Green Mountains,https://images.pexels.com/photos/1122408/pexels-photo-1122408.jpeg?auto=compress&cs=tinysrgb&dpr=1&w=500
Landscape Photography of Snowy Mountain,https://images.pexels.com/photos/1366919/pexels-photo-1366919.jpeg?auto=compress&cs=tinysrgb&dpr=1&w=500
Bikers and Carriages Driving on Street,https://static-videos.pexels.com/videos/852038/pictures/preview-0.jpg
Classic Brown Coupe Beside Tree,https://images.pexels.com/photos/1975106/pexels-photo-1975106.jpeg?auto=compress&cs=tinysrgb&dpr=1&w=500
Reflection of Buildings on Body of Water,https://images.pexels.com/photos/1121782/pexels-photo-1121782.jpeg?auto=compress&cs=tinysrgb&dpr=1&w=500
Man in White Collared Shirt,https://images.pexels.com/photos/1957082/pexels-photo-1957082.jpeg?auto=compress&cs=tinysrgb&dpr=1&w=500
Desert during Nighttime,https://images.pexels.com/photos/847402/pexels-photo-847402.jpeg?auto=compress&cs=tinysrgb&dpr=1&w=500
Red Flowers On A Vase With View Of A Rainy Day,https://static-videos.pexels.com/videos/1847910/pictures/preview-0.jpg
Man Holding Red Rose,https://images.pexels.com/photos/1959128/pexels-photo-1959128.jpeg?auto=compress&cs=tinysrgb&dpr=1&w=500
Photo of Gray Cat Looking Up Against Black Background,https://images.pexels.com/photos/730896/pexels-photo-730896.jpeg?auto=compress&cs=tinysrgb&dpr=1&w=500
Woman Standing in the Middle of Houses,https://images.pexels.com/photos/1975778/pexels-photo-1975778.jpeg?auto=compress&cs=tinysrgb&dpr=1&w=500
Photo of Person Reading,https://images.pexels.com/photos/1928151/pexels-photo-1928151.jpeg?auto=compress&cs=tinysrgb&dpr=1&w=500
Woman Jumping Wearing Green ,https://images.pexels.com/photos/1930364/pexels-photo-1930364.jpeg?auto=compress&cs=tinysrgb&dpr=1&w=500
Woman Bending While Jumping on Street,https://images.pexels.com/photos/1959564/pexels-photo-1959564.jpeg?auto=compress&cs=tinysrgb&dpr=1&w=500
Grayscale Photo of Levitating Person,https://images.pexels.com/photos/1707821/pexels-photo-1707821.jpeg?auto=compress&cs=tinysrgb&dpr=1&w=500
Photo of Man Standing on Rock Near Seashore,https://images.pexels.com/photos/1142948/pexels-photo-1142948.jpeg?auto=compress&cs=tinysrgb&dpr=1&w=500
Person Holding Green Cactus On Pot,https://images.pexels.com/photos/707194/pexels-photo-707194.jpeg?auto=compress&cs=tinysrgb&dpr=1&w=500
Woman Standing Near Plants,https://images.pexels.com/photos/1958732/pexels-photo-1958732.jpeg?auto=compress&cs=tinysrgb&dpr=1&w=500
Man Doing Stunt Near Body of Water,https://images.pexels.com/photos/1906891/pexels-photo-1906891.jpeg?auto=compress&cs=tinysrgb&dpr=1&w=500
Grayscale Photo of Levitating Person,https://images.pexels.com/photos/1707821/pexels-photo-1707821.jpeg?auto=compress&cs=tinysrgb&dpr=1&w=500
Gray Rock,https://images.pexels.com/photos/1115105/pexels-photo-1115105.jpeg?auto=compress&cs=tinysrgb&dpr=1&w=500
"Aprons, Chopping Board and Bag Hanged on White Painted Wall",https://images.pexels.com/photos/1959302/pexels-photo-1959302.jpeg?auto=compress&cs=tinysrgb&dpr=1&w=500
Video Of People Waiting For A Taxi On A Rainy Night,https://static-videos.pexels.com/videos/855432/pictures/preview-0.jpg
Red and Black Flowers,https://images.pexels.com/photos/1803911/pexels-photo-1803911.jpeg?auto=compress&cs=tinysrgb&dpr=1&w=500
Silhouette of Trees during Golden Hour,https://images.pexels.com/photos/1921336/pexels-photo-1921336.jpeg?auto=compress&cs=tinysrgb&dpr=1&w=500
Person Eye,https://images.pexels.com/photos/865711/pexels-photo-865711.jpeg?auto=compress&cs=tinysrgb&dpr=1&w=500
Vintage Car Trunk,https://images.pexels.com/photos/1936302/pexels-photo-1936302.jpeg?auto=compress&cs=tinysrgb&dpr=1&w=500
White All We Have Is Now Neon Signage on Black Surface,https://images.pexels.com/photos/1580625/pexels-photo-1580625.jpeg?auto=compress&cs=tinysrgb&dpr=1&w=500
Lighted Up Alleyway,https://images.pexels.com/photos/1294671/pexels-photo-1294671.jpeg?auto=compress&cs=tinysrgb&dpr=1&w=500
Selective Focus Photo of Three Brindle Puppies Inside Brown Woven Basket,https://images.pexels.com/photos/1938123/pexels-photo-1938123.jpeg?auto=compress&cs=tinysrgb&dpr=1&w=500
Photo of Man Smiling and Wearing Jacket,https://images.pexels.com/photos/1895225/pexels-photo-1895225.jpeg?auto=compress&cs=tinysrgb&dpr=1&w=500
View of Cityscape,https://images.pexels.com/photos/325185/pexels-photo-325185.jpeg?auto=compress&cs=tinysrgb&dpr=1&w=500
White Rose,https://images.pexels.com/photos/1713953/pexels-photo-1713953.jpeg?auto=compress&cs=tinysrgb&dpr=1&w=500
White Building,https://images.pexels.com/photos/1910202/pexels-photo-1910202.jpeg?auto=compress&cs=tinysrgb&dpr=1&w=500
Woman Wearing White Dress With Black Manicure,https://images.pexels.com/photos/1927219/pexels-photo-1927219.jpeg?auto=compress&cs=tinysrgb&dpr=1&w=500
Man Wearing Crew-neck T-shirt,https://images.pexels.com/photos/1983925/pexels-photo-1983925.jpeg?auto=compress&cs=tinysrgb&dpr=1&w=500
Man Playing Guitar at Nighttime,https://images.pexels.com/photos/1918162/pexels-photo-1918162.jpeg?auto=compress&cs=tinysrgb&dpr=1&w=500
Silhouette of a Man during Sunset,https://images.pexels.com/photos/1114897/pexels-photo-1114897.jpeg?auto=compress&cs=tinysrgb&dpr=1&w=500
Woman Holding Frame,https://images.pexels.com/photos/1990295/pexels-photo-1990295.jpeg?auto=compress&cs=tinysrgb&dpr=1&w=500
Monochrome Photo of Man Riding Skateboard,https://images.pexels.com/photos/1979921/pexels-photo-1979921.jpeg?auto=compress&cs=tinysrgb&dpr=1&w=500
Man Wearing Long-sleeved Shirt Beside Purple Petaled Flower,https://images.pexels.com/photos/1944579/pexels-photo-1944579.jpeg?auto=compress&cs=tinysrgb&dpr=1&w=500
Red Telephone Booth,https://images.pexels.com/photos/374815/pexels-photo-374815.jpeg?auto=compress&cs=tinysrgb&dpr=1&w=500
Two Person Riding Kayak,https://images.pexels.com/photos/1320684/pexels-photo-1320684.jpeg?auto=compress&cs=tinysrgb&dpr=1&w=500
Silhouette of Dancing People Inside Club,https://images.pexels.com/photos/1677710/pexels-photo-1677710.jpeg?auto=compress&cs=tinysrgb&dpr=1&w=500
Aerial Photography of Seashore,https://images.pexels.com/photos/1680140/pexels-photo-1680140.jpeg?auto=compress&cs=tinysrgb&dpr=1&w=500
Man With Cigarette In Mouth,https://images.pexels.com/photos/1933873/pexels-photo-1933873.jpeg?auto=compress&cs=tinysrgb&dpr=1&w=500
Photo of Man in Raising Baby Under Blue Sky,https://images.pexels.com/photos/1166990/pexels-photo-1166990.jpeg?auto=compress&cs=tinysrgb&dpr=1&w=500
Two Short-coated Gray and Brown Puppies Lying on White Textile,https://images.pexels.com/photos/57627/pexels-photo-57627.jpeg?auto=compress&cs=tinysrgb&dpr=1&w=500
High Angle Photo of Mountain Cover With Clouds,https://images.pexels.com/photos/994883/pexels-photo-994883.jpeg?auto=compress&cs=tinysrgb&dpr=1&w=500
Monochrome Photo of Waves,https://images.pexels.com/photos/1981043/pexels-photo-1981043.jpeg?auto=compress&cs=tinysrgb&dpr=1&w=500
Walking On The Street,https://static-videos.pexels.com/videos/857592/pictures/preview-0.jpg
Long Exposure Photography Of Road,https://images.pexels.com/photos/1966974/pexels-photo-1966974.jpeg?auto=compress&cs=tinysrgb&dpr=1&w=500
High Angle Photo of White Boat on Body of Water,https://images.pexels.com/photos/1295036/pexels-photo-1295036.jpeg?auto=compress&cs=tinysrgb&dpr=1&w=500
Woman on her back Laying in Bed Holding Phone,https://images.pexels.com/photos/936132/pexels-photo-936132.jpeg?auto=compress&cs=tinysrgb&dpr=1&w=500
Scenic View Of City During Evening,https://images.pexels.com/photos/1538177/pexels-photo-1538177.jpeg?auto=compress&cs=tinysrgb&dpr=1&w=500
Standing Man on Seashore Taking Selfie,https://images.pexels.com/photos/1437864/pexels-photo-1437864.jpeg?auto=compress&cs=tinysrgb&dpr=1&w=500
Watermelon Fruit,https://images.pexels.com/photos/1313267/pexels-photo-1313267.jpeg?auto=compress&cs=tinysrgb&dpr=1&w=500
Woman Wearing Yellow Sweater,https://images.pexels.com/photos/1922202/pexels-photo-1922202.jpeg?auto=compress&cs=tinysrgb&dpr=1&w=500
City Buildings,https://images.pexels.com/photos/356286/pexels-photo-356286.jpeg?auto=compress&cs=tinysrgb&dpr=1&w=500
Man Wearing White Shirt Kissing Woman in Her Nose,https://images.pexels.com/photos/888894/pexels-photo-888894.jpeg?auto=compress&cs=tinysrgb&dpr=1&w=500
Person Holding Banjo,https://images.pexels.com/photos/1942037/pexels-photo-1942037.jpeg?auto=compress&cs=tinysrgb&dpr=1&w=500
Brown Island,https://images.pexels.com/photos/1940036/pexels-photo-1940036.jpeg?auto=compress&cs=tinysrgb&dpr=1&w=500
Flat Lay Photography of Fruit Platter,https://images.pexels.com/photos/1667580/pexels-photo-1667580.jpeg?auto=compress&cs=tinysrgb&dpr=1&w=500
Red and Black Flowers,https://images.pexels.com/photos/1803911/pexels-photo-1803911.jpeg?auto=compress&cs=tinysrgb&dpr=1&w=500
Aerial View of Cn Tower,https://images.pexels.com/photos/374811/pexels-photo-374811.jpeg?auto=compress&cs=tinysrgb&dpr=1&w=500
Planes Window Seeing Boats on Ocean,https://images.pexels.com/photos/219014/pexels-photo-219014.jpeg?auto=compress&cs=tinysrgb&dpr=1&w=500
Photography of Barrel Wave,https://images.pexels.com/photos/1298684/pexels-photo-1298684.jpeg?auto=compress&cs=tinysrgb&dpr=1&w=500
Woman Wearing Black Long-sleeved Shirt Standing Near Cactus,https://images.pexels.com/photos/1957155/pexels-photo-1957155.jpeg?auto=compress&cs=tinysrgb&dpr=1&w=500
Red and Black Flowers,https://images.pexels.com/photos/1803911/pexels-photo-1803911.jpeg?auto=compress&cs=tinysrgb&dpr=1&w=500
Six Men Standing While Laughing,https://images.pexels.com/photos/936006/pexels-photo-936006.jpeg?auto=compress&cs=tinysrgb&dpr=1&w=500
Person Holding Doughnut With Sprinkles,https://images.pexels.com/photos/1166418/pexels-photo-1166418.jpeg?auto=compress&cs=tinysrgb&dpr=1&w=500
"Sears Tower, Usa",https://images.pexels.com/photos/1722183/pexels-photo-1722183.jpeg?auto=compress&cs=tinysrgb&dpr=1&w=500
Close-up Photography of Woman With Tribal Face Paint,https://images.pexels.com/photos/1675869/pexels-photo-1675869.jpeg?auto=compress&cs=tinysrgb&dpr=1&w=500
Photo of Green Fern Leaves,https://images.pexels.com/photos/1687341/pexels-photo-1687341.jpeg?auto=compress&cs=tinysrgb&dpr=1&w=500
High-rise Buildings,https://images.pexels.com/photos/1918604/pexels-photo-1918604.jpeg?auto=compress&cs=tinysrgb&dpr=1&w=500
Woman Holding Camera,https://images.pexels.com/photos/1960183/pexels-photo-1960183.jpeg?auto=compress&cs=tinysrgb&dpr=1&w=500
Group of Women and Men Standing on Gray and White Concrete Floor,https://images.pexels.com/photos/936112/pexels-photo-936112.jpeg?auto=compress&cs=tinysrgb&dpr=1&w=500
Woman Hugging Adult Dalmatian,https://images.pexels.com/photos/1766479/pexels-photo-1766479.jpeg?auto=compress&cs=tinysrgb&dpr=1&w=500
Close-up of a Siamese Fighting Fish,https://images.pexels.com/photos/325045/pexels-photo-325045.jpeg?auto=compress&cs=tinysrgb&dpr=1&w=500
Gray and Black Dslr Camera,https://images.pexels.com/photos/1002638/pexels-photo-1002638.jpeg?auto=compress&cs=tinysrgb&dpr=1&w=500
Man Beside Woman in Train,https://images.pexels.com/photos/1970830/pexels-photo-1970830.jpeg?auto=compress&cs=tinysrgb&dpr=1&w=500
Man Standing Near Glass Window Looking Outside,https://images.pexels.com/photos/1895226/pexels-photo-1895226.jpeg?auto=compress&cs=tinysrgb&dpr=1&w=500
A Drink and a Book On a Marble Top,https://static-videos.pexels.com/videos/1847131/pictures/preview-0.jpg
Person Horseback Riding Outdoors,https://images.pexels.com/photos/1524620/pexels-photo-1524620.jpeg?auto=compress&cs=tinysrgb&dpr=1&w=500
Round Silver-colored Analog Watch,https://images.pexels.com/photos/935863/pexels-photo-935863.jpeg?auto=compress&cs=tinysrgb&dpr=1&w=500
Red Concrete Bridge,https://images.pexels.com/photos/1398195/pexels-photo-1398195.jpeg?auto=compress&cs=tinysrgb&dpr=1&w=500
Man Skating on Skate Field,https://images.pexels.com/photos/1152854/pexels-photo-1152854.jpeg?auto=compress&cs=tinysrgb&dpr=1&w=500
People Walking by on a Sidewalk,https://static-videos.pexels.com/videos/854100/pictures/preview-0.jpg
Brown and White House Near Body of Water and Mountain,https://images.pexels.com/photos/1940041/pexels-photo-1940041.jpeg?auto=compress&cs=tinysrgb&dpr=1&w=500
Grayscale Photo of Levitating Person,https://images.pexels.com/photos/1707821/pexels-photo-1707821.jpeg?auto=compress&cs=tinysrgb&dpr=1&w=500
Photo of Forest Covered by Fog,https://images.pexels.com/photos/1366921/pexels-photo-1366921.jpeg?auto=compress&cs=tinysrgb&dpr=1&w=500
Woman Standing While Wearing Blue Chambray Jacket,https://images.pexels.com/photos/1963076/pexels-photo-1963076.jpeg?auto=compress&cs=tinysrgb&dpr=1&w=500
Man And Woman Next To Each Other,https://images.pexels.com/photos/1977706/pexels-photo-1977706.jpeg?auto=compress&cs=tinysrgb&dpr=1&w=500
Grayscale Photo of Person Wearing Black Pants Walking Across Posts,https://images.pexels.com/photos/1979837/pexels-photo-1979837.jpeg?auto=compress&cs=tinysrgb&dpr=1&w=500
Black Sail Ship on Body of Water,https://images.pexels.com/photos/906982/pexels-photo-906982.jpeg?auto=compress&cs=tinysrgb&dpr=1&w=500
Woman Sitting Down on Table,https://images.pexels.com/photos/1974889/pexels-photo-1974889.jpeg?auto=compress&cs=tinysrgb&dpr=1&w=500
Person Walking on Street,https://images.pexels.com/photos/1981945/pexels-photo-1981945.jpeg?auto=compress&cs=tinysrgb&dpr=1&w=500
Body of Water and Green Mountains,https://images.pexels.com/photos/1122408/pexels-photo-1122408.jpeg?auto=compress&cs=tinysrgb&dpr=1&w=500
Woman Covering Face With Book on Bed,https://images.pexels.com/photos/1524232/pexels-photo-1524232.jpeg?auto=compress&cs=tinysrgb&dpr=1&w=500
Grayscale Photo of Levitating Person,https://images.pexels.com/photos/1707821/pexels-photo-1707821.jpeg?auto=compress&cs=tinysrgb&dpr=1&w=500
Person Holding Clear Glass Ball,https://images.pexels.com/photos/1688504/pexels-photo-1688504.jpeg?auto=compress&cs=tinysrgb&dpr=1&w=500
Landscape Photography of Snowy Mountain,https://images.pexels.com/photos/1366919/pexels-photo-1366919.jpeg?auto=compress&cs=tinysrgb&dpr=1&w=500
Bikers and Carriages Driving on Street,https://static-videos.pexels.com/videos/852038/pictures/preview-0.jpg
Classic Brown Coupe Beside Tree,https://images.pexels.com/photos/1975106/pexels-photo-1975106.jpeg?auto=compress&cs=tinysrgb&dpr=1&w=500
Reflection of Buildings on Body of Water,https://images.pexels.com/photos/1121782/pexels-photo-1121782.jpeg?auto=compress&cs=tinysrgb&dpr=1&w=500
A Beautiful View Of The Sea,https://static-videos.pexels.com/videos/1777362/pictures/preview-0.jpg
Grayscale Photo of Levitating Person,https://images.pexels.com/photos/1707821/pexels-photo-1707821.jpeg?auto=compress&cs=tinysrgb&dpr=1&w=500
Red and Black Flowers,https://images.pexels.com/photos/1803911/pexels-photo-1803911.jpeg?auto=compress&cs=tinysrgb&dpr=1&w=500
Green Peapods,https://images.pexels.com/photos/1437587/pexels-photo-1437587.jpeg?auto=compress&cs=tinysrgb&dpr=1&w=500
Man Riding Skateboard,https://images.pexels.com/photos/1925452/pexels-photo-1925452.jpeg?auto=compress&cs=tinysrgb&dpr=1&w=500
Man in White Collared Shirt,https://images.pexels.com/photos/1957082/pexels-photo-1957082.jpeg?auto=compress&cs=tinysrgb&dpr=1&w=500
Desert during Nighttime,https://images.pexels.com/photos/847402/pexels-photo-847402.jpeg?auto=compress&cs=tinysrgb&dpr=1&w=500
Photo of Gray Cat Looking Up Against Black Background,https://images.pexels.com/photos/730896/pexels-photo-730896.jpeg?auto=compress&cs=tinysrgb&dpr=1&w=500
Woman Standing in the Middle of Houses,https://images.pexels.com/photos/1975778/pexels-photo-1975778.jpeg?auto=compress&cs=tinysrgb&dpr=1&w=500
Person Sitting on Rock Near Waterfalls,https://images.pexels.com/photos/1904769/pexels-photo-1904769.jpeg?auto=compress&cs=tinysrgb&dpr=1&w=500
Grayscale Photo of Levitating Person,https://images.pexels.com/photos/1707821/pexels-photo-1707821.jpeg?auto=compress&cs=tinysrgb&dpr=1&w=500
Water Drop,https://images.pexels.com/photos/1251293/pexels-photo-1251293.jpeg?auto=compress&cs=tinysrgb&dpr=1&w=500
Men's White Shirt,https://images.pexels.com/photos/428340/pexels-photo-428340.jpeg?auto=compress&cs=tinysrgb&dpr=1&w=500
Woman in White Dress Shirt,https://images.pexels.com/photos/1677275/pexels-photo-1677275.jpeg?auto=compress&cs=tinysrgb&dpr=1&w=500
Man Break Dancing On Street,https://images.pexels.com/photos/1510540/pexels-photo-1510540.jpeg?auto=compress&cs=tinysrgb&dpr=1&w=500
Group Of People Toasting Marshmallows On Stick,https://images.pexels.com/photos/1531683/pexels-photo-1531683.jpeg?auto=compress&cs=tinysrgb&dpr=1&w=500
Man Wearing Blue Shorts Holding Vehicle Tire Facing Waterfalls,https://images.pexels.com/photos/1001780/pexels-photo-1001780.jpeg?auto=compress&cs=tinysrgb&dpr=1&w=500
Woman Wearing Red Spaghetti Strap V-neck Dress ,https://images.pexels.com/photos/1877915/pexels-photo-1877915.jpeg?auto=compress&cs=tinysrgb&dpr=1&w=500
Rule of Thirds Photography of Person Sitting on Rock Formation,https://images.pexels.com/photos/1938352/pexels-photo-1938352.jpeg?auto=compress&cs=tinysrgb&dpr=1&w=500
Photo of Person Reading,https://images.pexels.com/photos/1928151/pexels-photo-1928151.jpeg?auto=compress&cs=tinysrgb&dpr=1&w=500
Woman Jumping Wearing Green ,https://images.pexels.com/photos/1930364/pexels-photo-1930364.jpeg?auto=compress&cs=tinysrgb&dpr=1&w=500
Video Of People Waiting For A Taxi On A Rainy Night,https://static-videos.pexels.com/videos/855432/pictures/preview-0.jpg
Red and Black Flowers,https://images.pexels.com/photos/1803911/pexels-photo-1803911.jpeg?auto=compress&cs=tinysrgb&dpr=1&w=500
Silhouette of Trees during Golden Hour,https://images.pexels.com/photos/1921336/pexels-photo-1921336.jpeg?auto=compress&cs=tinysrgb&dpr=1&w=500
Man Wearing Skull Mask,https://images.pexels.com/photos/1930366/pexels-photo-1930366.jpeg?auto=compress&cs=tinysrgb&dpr=1&w=500
People on Street in Front of Lighted Building during Night,https://images.pexels.com/photos/1895849/pexels-photo-1895849.jpeg?auto=compress&cs=tinysrgb&dpr=1&w=500
Woman Raising Her Hands,https://images.pexels.com/photos/1928114/pexels-photo-1928114.jpeg?auto=compress&cs=tinysrgb&dpr=1&w=500
Woman Standing on Brown Wooden Plank,https://images.pexels.com/photos/1232594/pexels-photo-1232594.jpeg?auto=compress&cs=tinysrgb&dpr=1&w=500
Crowd of People Inside White Building,https://images.pexels.com/photos/1770808/pexels-photo-1770808.jpeg?auto=compress&cs=tinysrgb&dpr=1&w=500
Person in White Long-sleeve Shirt With Both Hands Photo,https://images.pexels.com/photos/951572/pexels-photo-951572.jpeg?auto=compress&cs=tinysrgb&dpr=1&w=500
Two Man Hiking on Snow Mountain,https://images.pexels.com/photos/869258/pexels-photo-869258.jpeg?auto=compress&cs=tinysrgb&dpr=1&w=500
Green and Gray Wallpaper,https://images.pexels.com/photos/380337/pexels-photo-380337.jpeg?auto=compress&cs=tinysrgb&dpr=1&w=500
Gray Wooden Ladder on White Painted Wall,https://images.pexels.com/photos/1125136/pexels-photo-1125136.jpeg?auto=compress&cs=tinysrgb&dpr=1&w=500
Person Eye,https://images.pexels.com/photos/865711/pexels-photo-865711.jpeg?auto=compress&cs=tinysrgb&dpr=1&w=500
Vintage Car Trunk,https://images.pexels.com/photos/1936302/pexels-photo-1936302.jpeg?auto=compress&cs=tinysrgb&dpr=1&w=500
Man Wearing Crew-neck T-shirt,https://images.pexels.com/photos/1983925/pexels-photo-1983925.jpeg?auto=compress&cs=tinysrgb&dpr=1&w=500
Man Playing Guitar at Nighttime,https://images.pexels.com/photos/1918162/pexels-photo-1918162.jpeg?auto=compress&cs=tinysrgb&dpr=1&w=500
Silhouette of a Man during Sunset,https://images.pexels.com/photos/1114897/pexels-photo-1114897.jpeg?auto=compress&cs=tinysrgb&dpr=1&w=500
Woman Holding Frame,https://images.pexels.com/photos/1990295/pexels-photo-1990295.jpeg?auto=compress&cs=tinysrgb&dpr=1&w=500
White Curtain,https://images.pexels.com/photos/1930313/pexels-photo-1930313.jpeg?auto=compress&cs=tinysrgb&dpr=1&w=500
Man's Face,https://images.pexels.com/photos/1763852/pexels-photo-1763852.jpeg?auto=compress&cs=tinysrgb&dpr=1&w=500
Blue and Orange Abstract Painting,https://images.pexels.com/photos/1930310/pexels-photo-1930310.jpeg?auto=compress&cs=tinysrgb&dpr=1&w=500
Woman's Face With Color Splatters,https://images.pexels.com/photos/1937301/pexels-photo-1937301.png?auto=compress&cs=tinysrgb&dpr=1&w=500
Black Cat On Sofa,https://images.pexels.com/photos/1931370/pexels-photo-1931370.jpeg?auto=compress&cs=tinysrgb&dpr=1&w=500
Man Riding on the Motorcycle Beside Woman Standing on the Road,https://images.pexels.com/photos/949219/pexels-photo-949219.jpeg?auto=compress&cs=tinysrgb&dpr=1&w=500
Down Angle Photography of Red Clouds and Blue Sky,https://images.pexels.com/photos/844297/pexels-photo-844297.jpeg?auto=compress&cs=tinysrgb&dpr=1&w=500
Woman in Brown Coat,https://images.pexels.com/photos/1906879/pexels-photo-1906879.jpeg?auto=compress&cs=tinysrgb&dpr=1&w=500
Red and Black Flowers,https://images.pexels.com/photos/1803911/pexels-photo-1803911.jpeg?auto=compress&cs=tinysrgb&dpr=1&w=500
Woman Holding Bouquet In The Middle Of The Field,https://images.pexels.com/photos/1927206/pexels-photo-1927206.jpeg?auto=compress&cs=tinysrgb&dpr=1&w=500
Monochrome Photo of Man Riding Skateboard,https://images.pexels.com/photos/1979921/pexels-photo-1979921.jpeg?auto=compress&cs=tinysrgb&dpr=1&w=500
Monochrome Photo of Waves,https://images.pexels.com/photos/1981043/pexels-photo-1981043.jpeg?auto=compress&cs=tinysrgb&dpr=1&w=500
Walking On The Street,https://static-videos.pexels.com/videos/857592/pictures/preview-0.jpg
Grayscale Photography Of Cat,https://images.pexels.com/photos/1930851/pexels-photo-1930851.jpeg?auto=compress&cs=tinysrgb&dpr=1&w=500
Forest Photography,https://images.pexels.com/photos/1671325/pexels-photo-1671325.jpeg?auto=compress&cs=tinysrgb&dpr=1&w=500
Silhouette Photo of Man Singing on Stage,https://images.pexels.com/photos/1916824/pexels-photo-1916824.jpeg?auto=compress&cs=tinysrgb&dpr=1&w=500
Scenic View of Mountain During Daytime,https://images.pexels.com/photos/1482927/pexels-photo-1482927.jpeg?auto=compress&cs=tinysrgb&dpr=1&w=500
Woman Holding Red and White Rose Bouquet,https://images.pexels.com/photos/759668/pexels-photo-759668.jpeg?auto=compress&cs=tinysrgb&dpr=1&w=500
Woman Playing Ukulele,https://images.pexels.com/photos/1537171/pexels-photo-1537171.jpeg?auto=compress&cs=tinysrgb&dpr=1&w=500
Photo of Skyscrapers Surrounded With Clouds,https://images.pexels.com/photos/1437493/pexels-photo-1437493.jpeg?auto=compress&cs=tinysrgb&dpr=1&w=500
Ballet Dancer Performing Stunt With Eiffel Tower Background,https://images.pexels.com/photos/1929051/pexels-photo-1929051.jpeg?auto=compress&cs=tinysrgb&dpr=1&w=500
Man Skating Near Building,https://images.pexels.com/photos/1917629/pexels-photo-1917629.jpeg?auto=compress&cs=tinysrgb&dpr=1&w=500
View Of City In Timelapse Mode,https://static-videos.pexels.com/videos/1654216/pictures/preview-0.jpg
Man Skating Near Building,https://images.pexels.com/photos/1917629/pexels-photo-1917629.jpeg?auto=compress&cs=tinysrgb&dpr=1&w=500
Photo of a Turtle Underwater,https://images.pexels.com/photos/847393/pexels-photo-847393.jpeg?auto=compress&cs=tinysrgb&dpr=1&w=500
Green Taro Plant,https://images.pexels.com/photos/1931142/pexels-photo-1931142.jpeg?auto=compress&cs=tinysrgb&dpr=1&w=500
Scenic View of Night Sky,https://images.pexels.com/photos/1105189/pexels-photo-1105189.jpeg?auto=compress&cs=tinysrgb&dpr=1&w=500
Red and Black Flowers,https://images.pexels.com/photos/1803911/pexels-photo-1803911.jpeg?auto=compress&cs=tinysrgb&dpr=1&w=500
High Rise Buildings ,https://images.pexels.com/photos/1139556/pexels-photo-1139556.jpeg?auto=compress&cs=tinysrgb&dpr=1&w=500
Group of People on Brown Sand,https://images.pexels.com/photos/1142984/pexels-photo-1142984.jpeg?auto=compress&cs=tinysrgb&dpr=1&w=500
Close-Up Photo of Water Drop,https://images.pexels.com/photos/1707825/pexels-photo-1707825.jpeg?auto=compress&cs=tinysrgb&dpr=1&w=500
Person Standing on Dirt Surrounded by Coconut Trees,https://images.pexels.com/photos/1005417/pexels-photo-1005417.jpeg?auto=compress&cs=tinysrgb&dpr=1&w=500
Mountain Range Under Beige Sky,https://images.pexels.com/photos/1670187/pexels-photo-1670187.jpeg?auto=compress&cs=tinysrgb&dpr=1&w=500
Person on Mountain,https://images.pexels.com/photos/1647972/pexels-photo-1647972.jpeg?auto=compress&cs=tinysrgb&dpr=1&w=500
Grayscale Photo of Levitating Person,https://images.pexels.com/photos/1707821/pexels-photo-1707821.jpeg?auto=compress&cs=tinysrgb&dpr=1&w=500
Multicolored Basketball Court,https://images.pexels.com/photos/1897359/pexels-photo-1897359.jpeg?auto=compress&cs=tinysrgb&dpr=1&w=500
Grayscale Photo of Levitating Person,https://images.pexels.com/photos/1707821/pexels-photo-1707821.jpeg?auto=compress&cs=tinysrgb&dpr=1&w=500
Woman Holding Red Flowers,https://images.pexels.com/photos/1903107/pexels-photo-1903107.jpeg?auto=compress&cs=tinysrgb&dpr=1&w=500
Photo of Man Sitting on a Cave ,https://images.pexels.com/photos/1659437/pexels-photo-1659437.jpeg?auto=compress&cs=tinysrgb&dpr=1&w=500
Person on Mountain,https://images.pexels.com/photos/1647972/pexels-photo-1647972.jpeg?auto=compress&cs=tinysrgb&dpr=1&w=500
Grayscale Photo of Levitating Person,https://images.pexels.com/photos/1707821/pexels-photo-1707821.jpeg?auto=compress&cs=tinysrgb&dpr=1&w=500
Photo of Woman Wearing Black Leather Jacket,https://images.pexels.com/photos/1913295/pexels-photo-1913295.jpeg?auto=compress&cs=tinysrgb&dpr=1&w=500
Photo of Mountain Range Covered With Snow Under Moon,https://images.pexels.com/photos/908644/pexels-photo-908644.jpeg?auto=compress&cs=tinysrgb&dpr=1&w=500
Woman Wearing Red Spaghetti Strap Dress,https://images.pexels.com/photos/1877910/pexels-photo-1877910.jpeg?auto=compress&cs=tinysrgb&dpr=1&w=500
Photo of Person Skateboarding,https://images.pexels.com/photos/1917575/pexels-photo-1917575.jpeg?auto=compress&cs=tinysrgb&dpr=1&w=500
Landscape Photography of Waterfalls Surrounded by Green Leafed Plants,https://images.pexels.com/photos/931007/pexels-photo-931007.jpeg?auto=compress&cs=tinysrgb&dpr=1&w=500
Grayscale Photography of Woman Leaning on Rock,https://images.pexels.com/photos/1884311/pexels-photo-1884311.jpeg?auto=compress&cs=tinysrgb&dpr=1&w=500
Woman Taking Selfie,https://images.pexels.com/photos/1930522/pexels-photo-1930522.jpeg?auto=compress&cs=tinysrgb&dpr=1&w=500
Photo of Woman Leaning on Chain-link Fence With Her Chin Up,https://images.pexels.com/photos/1929612/pexels-photo-1929612.jpeg?auto=compress&cs=tinysrgb&dpr=1&w=500
Portrait Photo of Woman Holding Chin,https://images.pexels.com/photos/1919072/pexels-photo-1919072.jpeg?auto=compress&cs=tinysrgb&dpr=1&w=500
Photo of Woman Wearing Black Leather Jacket,https://images.pexels.com/photos/1913295/pexels-photo-1913295.jpeg?auto=compress&cs=tinysrgb&dpr=1&w=500
Photo of Mountain Range Covered With Snow Under Moon,https://images.pexels.com/photos/908644/pexels-photo-908644.jpeg?auto=compress&cs=tinysrgb&dpr=1&w=500
Woman Wearing Red Spaghetti Strap Dress,https://images.pexels.com/photos/1877910/pexels-photo-1877910.jpeg?auto=compress&cs=tinysrgb&dpr=1&w=500
Bare Tree in the Middle Field Covered in Snow,https://images.pexels.com/photos/1909331/pexels-photo-1909331.jpeg?auto=compress&cs=tinysrgb&dpr=1&w=500
Three Edison Light Bulbs Beside the Sofa,https://images.pexels.com/photos/945688/pexels-photo-945688.jpeg?auto=compress&cs=tinysrgb&dpr=1&w=500
Orange Painted Building Through Window,https://images.pexels.com/photos/1904832/pexels-photo-1904832.jpeg?auto=compress&cs=tinysrgb&dpr=1&w=500
Man Wearing Black Bads Crew-neck Shirt Under Blue Denim Jacket,https://images.pexels.com/photos/1105058/pexels-photo-1105058.jpeg?auto=compress&cs=tinysrgb&dpr=1&w=500
Woman Singing,https://images.pexels.com/photos/1886640/pexels-photo-1886640.jpeg?auto=compress&cs=tinysrgb&dpr=1&w=500
Woman Wearing Black Lace Top,https://images.pexels.com/photos/1904821/pexels-photo-1904821.jpeg?auto=compress&cs=tinysrgb&dpr=1&w=500
Woman Holding Cup Of Coffee,https://images.pexels.com/photos/1886550/pexels-photo-1886550.jpeg?auto=compress&cs=tinysrgb&dpr=1&w=500
Person Standing On Lighthouse,https://images.pexels.com/photos/1890709/pexels-photo-1890709.jpeg?auto=compress&cs=tinysrgb&dpr=1&w=500
Bare Tree in the Middle Field Covered in Snow,https://images.pexels.com/photos/1909331/pexels-photo-1909331.jpeg?auto=compress&cs=tinysrgb&dpr=1&w=500
Woman Standing Outdoors While Right Hand Touching Head,https://images.pexels.com/photos/1914439/pexels-photo-1914439.jpeg?auto=compress&cs=tinysrgb&dpr=1&w=500
Woman Standing Indoor,https://images.pexels.com/photos/1926769/pexels-photo-1926769.jpeg?auto=compress&cs=tinysrgb&dpr=1&w=500
"Cn Tower, Seattle",https://images.pexels.com/photos/374870/pexels-photo-374870.jpeg?auto=compress&cs=tinysrgb&dpr=1&w=500
Woman Standing Beside Wall,https://images.pexels.com/photos/1251171/pexels-photo-1251171.jpeg?auto=compress&cs=tinysrgb&dpr=1&w=500
Empty Spiral Staircase,https://images.pexels.com/photos/340981/pexels-photo-340981.jpeg?auto=compress&cs=tinysrgb&dpr=1&w=500
Architectural Structure,https://images.pexels.com/photos/1927043/pexels-photo-1927043.jpeg?auto=compress&cs=tinysrgb&dpr=1&w=500
View Of City In Timelapse Mode,https://static-videos.pexels.com/videos/1824697/pictures/preview-0.jpg
Clouds during Golden Hour,https://images.pexels.com/photos/1905054/pexels-photo-1905054.jpeg?auto=compress&cs=tinysrgb&dpr=1&w=500
Woman Standing Outdoors While Right Hand Touching Head,https://images.pexels.com/photos/1914439/pexels-photo-1914439.jpeg?auto=compress&cs=tinysrgb&dpr=1&w=500
Woman Standing Indoor,https://images.pexels.com/photos/1926769/pexels-photo-1926769.jpeg?auto=compress&cs=tinysrgb&dpr=1&w=500
"Cn Tower, Seattle",https://images.pexels.com/photos/374870/pexels-photo-374870.jpeg?auto=compress&cs=tinysrgb&dpr=1&w=500
Woman Standing Beside Wall,https://images.pexels.com/photos/1251171/pexels-photo-1251171.jpeg?auto=compress&cs=tinysrgb&dpr=1&w=500
Man Covering Face,https://images.pexels.com/photos/1913247/pexels-photo-1913247.jpeg?auto=compress&cs=tinysrgb&dpr=1&w=500
Mountain Under Starry Sky,https://images.pexels.com/photos/1624504/pexels-photo-1624504.jpeg?auto=compress&cs=tinysrgb&dpr=1&w=500
Top View Photo of Curved Road Surrounded by Trees,https://images.pexels.com/photos/1834403/pexels-photo-1834403.jpeg?auto=compress&cs=tinysrgb&dpr=1&w=500
Brown and Gray Concrete Building,https://images.pexels.com/photos/1885066/pexels-photo-1885066.jpeg?auto=compress&cs=tinysrgb&dpr=1&w=500
Woman Wearing Black Tank Top Near Brown Surface,https://images.pexels.com/photos/1902350/pexels-photo-1902350.jpeg?auto=compress&cs=tinysrgb&dpr=1&w=500
Man Covering Face,https://images.pexels.com/photos/1913247/pexels-photo-1913247.jpeg?auto=compress&cs=tinysrgb&dpr=1&w=500
Woman Wearing Swimwear on Shore,https://images.pexels.com/photos/1912412/pexels-photo-1912412.jpeg?auto=compress&cs=tinysrgb&dpr=1&w=500
Woman Wearing Black Eyeglasses,https://images.pexels.com/photos/1239291/pexels-photo-1239291.jpeg?auto=compress&cs=tinysrgb&dpr=1&w=500
Low-angle Photo of White Painted Room,https://images.pexels.com/photos/1451399/pexels-photo-1451399.jpeg?auto=compress&cs=tinysrgb&dpr=1&w=500
Person Holding Cup of Milk Pouring,https://images.pexels.com/photos/1897417/pexels-photo-1897417.jpeg?auto=compress&cs=tinysrgb&dpr=1&w=500
Gray Concrete Building,https://images.pexels.com/photos/1886516/pexels-photo-1886516.jpeg?auto=compress&cs=tinysrgb&dpr=1&w=500
Grayscale Photo of Levitating Person,https://images.pexels.com/photos/1707821/pexels-photo-1707821.jpeg?auto=compress&cs=tinysrgb&dpr=1&w=500
Man Wearing Sunglasses,https://images.pexels.com/photos/1680317/pexels-photo-1680317.jpeg?auto=compress&cs=tinysrgb&dpr=1&w=500
Yellow Croquet Rings,https://images.pexels.com/photos/1858409/pexels-photo-1858409.jpeg?auto=compress&cs=tinysrgb&dpr=1&w=500
Woman Wearing Swimwear on Shore,https://images.pexels.com/photos/1912412/pexels-photo-1912412.jpeg?auto=compress&cs=tinysrgb&dpr=1&w=500
Woman Wearing Black Eyeglasses,https://images.pexels.com/photos/1239291/pexels-photo-1239291.jpeg?auto=compress&cs=tinysrgb&dpr=1&w=500
Low-angle Photo of White Painted Room,https://images.pexels.com/photos/1451399/pexels-photo-1451399.jpeg?auto=compress&cs=tinysrgb&dpr=1&w=500
Person Holding Cup of Milk Pouring,https://images.pexels.com/photos/1897417/pexels-photo-1897417.jpeg?auto=compress&cs=tinysrgb&dpr=1&w=500
Grayscale Photograph of Concrete Structures,https://images.pexels.com/photos/1886714/pexels-photo-1886714.jpeg?auto=compress&cs=tinysrgb&dpr=1&w=500
Jellyfish,https://images.pexels.com/photos/1894350/pexels-photo-1894350.jpeg?auto=compress&cs=tinysrgb&dpr=1&w=500
Boy Wearing Blue Jacket,https://images.pexels.com/photos/1902983/pexels-photo-1902983.jpeg?auto=compress&cs=tinysrgb&dpr=1&w=500
Photo Of Waterfall,https://images.pexels.com/photos/1875480/pexels-photo-1875480.jpeg?auto=compress&cs=tinysrgb&dpr=1&w=500
Photo of Cactus On Pot,https://images.pexels.com/photos/1657110/pexels-photo-1657110.jpeg?auto=compress&cs=tinysrgb&dpr=1&w=500
Person in White and Black Shirt Walks on Grey Pavement,https://images.pexels.com/photos/1914371/pexels-photo-1914371.jpeg?auto=compress&cs=tinysrgb&dpr=1&w=500
Woman Lying on White Surface,https://images.pexels.com/photos/1907444/pexels-photo-1907444.jpeg?auto=compress&cs=tinysrgb&dpr=1&w=500
Woman Wearing Sunglasses,https://images.pexels.com/photos/1896101/pexels-photo-1896101.jpeg?auto=compress&cs=tinysrgb&dpr=1&w=500
Brown Mountains,https://images.pexels.com/photos/1643113/pexels-photo-1643113.jpeg?auto=compress&cs=tinysrgb&dpr=1&w=500
Three Green Assorted Plants in White Ceramic Pots,https://images.pexels.com/photos/776656/pexels-photo-776656.jpeg?auto=compress&cs=tinysrgb&dpr=1&w=500
Woman's Face on White Liquid,https://images.pexels.com/photos/1138155/pexels-photo-1138155.png?auto=compress&cs=tinysrgb&dpr=1&w=500
Photo of Cactus On Pot,https://images.pexels.com/photos/1657110/pexels-photo-1657110.jpeg?auto=compress&cs=tinysrgb&dpr=1&w=500
Person in White and Black Shirt Walks on Grey Pavement,https://images.pexels.com/photos/1914371/pexels-photo-1914371.jpeg?auto=compress&cs=tinysrgb&dpr=1&w=500
Woman Lying on White Surface,https://images.pexels.com/photos/1907444/pexels-photo-1907444.jpeg?auto=compress&cs=tinysrgb&dpr=1&w=500
Woman Wearing Sunglasses,https://images.pexels.com/photos/1896101/pexels-photo-1896101.jpeg?auto=compress&cs=tinysrgb&dpr=1&w=500
Gray and Black Concrete Building,https://images.pexels.com/photos/1896058/pexels-photo-1896058.jpeg?auto=compress&cs=tinysrgb&dpr=1&w=500
Red and Black Flowers,https://images.pexels.com/photos/1803911/pexels-photo-1803911.jpeg?auto=compress&cs=tinysrgb&dpr=1&w=500
Woman Carrying White Cat,https://images.pexels.com/photos/1889731/pexels-photo-1889731.jpeg?auto=compress&cs=tinysrgb&dpr=1&w=500
Two Person Standing Under Lot of Bullet Cctv Camera,https://images.pexels.com/photos/374103/pexels-photo-374103.jpeg?auto=compress&cs=tinysrgb&dpr=1&w=500
Closed Soda Bottles,https://images.pexels.com/photos/1904262/pexels-photo-1904262.jpeg?auto=compress&cs=tinysrgb&dpr=1&w=500
Red and Black Flowers,https://images.pexels.com/photos/1803911/pexels-photo-1803911.jpeg?auto=compress&cs=tinysrgb&dpr=1&w=500
Three Men Standing on Top of Building,https://images.pexels.com/photos/1923109/pexels-photo-1923109.jpeg?auto=compress&cs=tinysrgb&dpr=1&w=500
Blue and White Ferries Wheel Under Blue Skies,https://images.pexels.com/photos/1915401/pexels-photo-1915401.jpeg?auto=compress&cs=tinysrgb&dpr=1&w=500
Close-Up Photo of Person's Eye,https://images.pexels.com/photos/1925630/pexels-photo-1925630.jpeg?auto=compress&cs=tinysrgb&dpr=1&w=500
Pink and Black Abstract Painting,https://images.pexels.com/photos/1935220/pexels-photo-1935220.jpeg?auto=compress&cs=tinysrgb&dpr=1&w=500
Fawn Pug,https://images.pexels.com/photos/1851471/pexels-photo-1851471.jpeg?auto=compress&cs=tinysrgb&dpr=1&w=500
Man Closing His Eyes Reflection on Mirror,https://images.pexels.com/photos/1906537/pexels-photo-1906537.jpeg?auto=compress&cs=tinysrgb&dpr=1&w=500
Men's Black Leather Zip-up Jacket,https://images.pexels.com/photos/1036643/pexels-photo-1036643.jpeg?auto=compress&cs=tinysrgb&dpr=1&w=500
Under Water Photo,https://images.pexels.com/photos/735621/pexels-photo-735621.jpeg?auto=compress&cs=tinysrgb&dpr=1&w=500
Man Standing While Putting Left Arm on Steel Rod Near Building,https://images.pexels.com/photos/1901445/pexels-photo-1901445.jpeg?auto=compress&cs=tinysrgb&dpr=1&w=500
Brown Mountains,https://images.pexels.com/photos/1643113/pexels-photo-1643113.jpeg?auto=compress&cs=tinysrgb&dpr=1&w=500
Red and Black Flowers,https://images.pexels.com/photos/1803911/pexels-photo-1803911.jpeg?auto=compress&cs=tinysrgb&dpr=1&w=500
Three Men Standing on Top of Building,https://images.pexels.com/photos/1923109/pexels-photo-1923109.jpeg?auto=compress&cs=tinysrgb&dpr=1&w=500
Blue and White Ferries Wheel Under Blue Skies,https://images.pexels.com/photos/1915401/pexels-photo-1915401.jpeg?auto=compress&cs=tinysrgb&dpr=1&w=500
Close-Up Photo of Person's Eye,https://images.pexels.com/photos/1925630/pexels-photo-1925630.jpeg?auto=compress&cs=tinysrgb&dpr=1&w=500
Pink and Black Abstract Painting,https://images.pexels.com/photos/1935220/pexels-photo-1935220.jpeg?auto=compress&cs=tinysrgb&dpr=1&w=500
Time Lapse Photo of Cityscape during Nighttime,https://images.pexels.com/photos/1899197/pexels-photo-1899197.jpeg?auto=compress&cs=tinysrgb&dpr=1&w=500
Blue Sedan on Snow,https://images.pexels.com/photos/849836/pexels-photo-849836.jpeg?auto=compress&cs=tinysrgb&dpr=1&w=500
Man and Boy Standing on Bridge,https://images.pexels.com/photos/1320701/pexels-photo-1320701.jpeg?auto=compress&cs=tinysrgb&dpr=1&w=500
Three Brown Wooden Cottage and Sea,https://images.pexels.com/photos/1167021/pexels-photo-1167021.jpeg?auto=compress&cs=tinysrgb&dpr=1&w=500
Photography of Person on Green Mountain,https://images.pexels.com/photos/691034/pexels-photo-691034.jpeg?auto=compress&cs=tinysrgb&dpr=1&w=500
Photo of Woman Playing Ukulele White Sitting on Gray Sofa,https://images.pexels.com/photos/1921190/pexels-photo-1921190.jpeg?auto=compress&cs=tinysrgb&dpr=1&w=500
Selective Focus Photography of Woman Facing Mountain,https://images.pexels.com/photos/1834406/pexels-photo-1834406.jpeg?auto=compress&cs=tinysrgb&dpr=1&w=500
Photo of Man Jumping from Boat to the Sea,https://images.pexels.com/photos/1122462/pexels-photo-1122462.jpeg?auto=compress&cs=tinysrgb&dpr=1&w=500
Orange Tabby Cat Sleeping on White Textile,https://images.pexels.com/photos/103651/pexels-photo-103651.jpeg?auto=compress&cs=tinysrgb&dpr=1&w=500
Woman Leaning On Wall While Smiling,https://images.pexels.com/photos/1907452/pexels-photo-1907452.jpeg?auto=compress&cs=tinysrgb&dpr=1&w=500
Monochrome Photography of Woman Wearing Swimsuit,https://images.pexels.com/photos/1903611/pexels-photo-1903611.jpeg?auto=compress&cs=tinysrgb&dpr=1&w=500
Textured Wall,https://images.pexels.com/photos/1902415/pexels-photo-1902415.jpeg?auto=compress&cs=tinysrgb&dpr=1&w=500
Man Riding Surfboard On Body Of Water,https://images.pexels.com/photos/1667005/pexels-photo-1667005.jpeg?auto=compress&cs=tinysrgb&dpr=1&w=500
Blue Sedan on Snow,https://images.pexels.com/photos/849836/pexels-photo-849836.jpeg?auto=compress&cs=tinysrgb&dpr=1&w=500
Man and Boy Standing on Bridge,https://images.pexels.com/photos/1320701/pexels-photo-1320701.jpeg?auto=compress&cs=tinysrgb&dpr=1&w=500
Three Brown Wooden Cottage and Sea,https://images.pexels.com/photos/1167021/pexels-photo-1167021.jpeg?auto=compress&cs=tinysrgb&dpr=1&w=500
Photography of Person on Green Mountain,https://images.pexels.com/photos/691034/pexels-photo-691034.jpeg?auto=compress&cs=tinysrgb&dpr=1&w=500
Photo of Woman Playing Ukulele White Sitting on Gray Sofa,https://images.pexels.com/photos/1921190/pexels-photo-1921190.jpeg?auto=compress&cs=tinysrgb&dpr=1&w=500
Selective Focus Photography of Woman Facing Mountain,https://images.pexels.com/photos/1834406/pexels-photo-1834406.jpeg?auto=compress&cs=tinysrgb&dpr=1&w=500
Person Standing Using Red Umbrella,https://images.pexels.com/photos/1887792/pexels-photo-1887792.jpeg?auto=compress&cs=tinysrgb&dpr=1&w=500
Woman Holding Cheek With Light Effect Photo,https://images.pexels.com/photos/1895146/pexels-photo-1895146.jpeg?auto=compress&cs=tinysrgb&dpr=1&w=500
Woman Sitting While Reading A Book ,https://images.pexels.com/photos/1616779/pexels-photo-1616779.jpeg?auto=compress&cs=tinysrgb&dpr=1&w=500
Water Reflection of High-rise Building,https://images.pexels.com/photos/1886513/pexels-photo-1886513.jpeg?auto=compress&cs=tinysrgb&dpr=1&w=500
Green Cactus,https://images.pexels.com/photos/1903747/pexels-photo-1903747.jpeg?auto=compress&cs=tinysrgb&dpr=1&w=500
Woman Doing Ballet Dance in Pathway,https://images.pexels.com/photos/1886907/pexels-photo-1886907.jpeg?auto=compress&cs=tinysrgb&dpr=1&w=500
Low-angel Photography of Glass Building,https://images.pexels.com/photos/1908062/pexels-photo-1908062.jpeg?auto=compress&cs=tinysrgb&dpr=1&w=500
Red and Black Flowers,https://images.pexels.com/photos/1803911/pexels-photo-1803911.jpeg?auto=compress&cs=tinysrgb&dpr=1&w=500
Woman Standing and Looking Side View,https://images.pexels.com/photos/1886732/pexels-photo-1886732.jpeg?auto=compress&cs=tinysrgb&dpr=1&w=500
Waves Rushing To The Shore,https://static-videos.pexels.com/videos/1757800/pictures/preview-0.jpg
Woman Wearing Yellow Coat Smiling Near Wall,https://images.pexels.com/photos/1908005/pexels-photo-1908005.jpeg?auto=compress&cs=tinysrgb&dpr=1&w=500
Woman Holding Her Neck,https://images.pexels.com/photos/1844253/pexels-photo-1844253.jpeg?auto=compress&cs=tinysrgb&dpr=1&w=500
Photo of Standing Woman With Green Hair With Both Hands on Face,https://images.pexels.com/photos/1895896/pexels-photo-1895896.jpeg?auto=compress&cs=tinysrgb&dpr=1&w=500
Woman Holding Bunch Of Grapes,https://images.pexels.com/photos/1894267/pexels-photo-1894267.jpeg?auto=compress&cs=tinysrgb&dpr=1&w=500
Running Man With White Textile on His Face,https://images.pexels.com/photos/1897415/pexels-photo-1897415.jpeg?auto=compress&cs=tinysrgb&dpr=1&w=500
Low-angle Photo of Flatiron Building,https://images.pexels.com/photos/1123982/pexels-photo-1123982.jpeg?auto=compress&cs=tinysrgb&dpr=1&w=500
Person Walking Near Shore,https://images.pexels.com/photos/1903707/pexels-photo-1903707.jpeg?auto=compress&cs=tinysrgb&dpr=1&w=500
White and Brown Dock,https://images.pexels.com/photos/1908677/pexels-photo-1908677.jpeg?auto=compress&cs=tinysrgb&dpr=1&w=500
Aerial Photography Of Sea,https://images.pexels.com/photos/1902647/pexels-photo-1902647.jpeg?auto=compress&cs=tinysrgb&dpr=1&w=500
Person Touching Brown Puppy,https://images.pexels.com/photos/1904105/pexels-photo-1904105.jpeg?auto=compress&cs=tinysrgb&dpr=1&w=500
